1	"abalo sísmico"	"C"	"tem"	"é"	"abalo"	"sísmico"	"sísmico"	"um"	"um"	"São incomuns em Goiana os grandes <strong>abalos sísmicos</strong> ou terremotos."	"Tsunamis são ondas de grande energia geradas por <strong>abalos sísmicos</strong>."	"As terras também sofrerão fortes <strong>abalos sísmicos</strong>, o que desencadeará fortíssimos terremotos por todo o globo terrestre."
2	"acampamento militar"	"C"	"tem"	"é"	"acampamento"	"militar"	"militar"	"um"	"um"	"Pelos quartéis e pelos <strong>acampamentos militares</strong> onde se decidiam as estratégias;"	"Um <strong>acampamento militar</strong> e várias barreiras policiais foram instaladas nos acessos e no povoado."	"Na Guiana havia um grande <strong>acampamento militar</strong> e um avião de tropas estava trazendo mais soldados para ali."
3	"agente secreto"	"C"	"tem"	"é"	"agente"	"secreto"	"secreto"	"um"	"um"	"Existe mesmo no serviço secreto inglês um <strong>agente secreto</strong> com licença para matar! "	"Um <strong>agente secreto</strong> dos Estados Unidos se apaixona por uma espiã."	"Fleming criou um <strong>agente secreto</strong> que era ao mesmo tempo frustrado e ambivalente em relação ao seu trabalho."
4	"água doce"	"PC"	"tem"	"é"	"água"	"doce"	"doce"	"a"	"uma"	"O Brasil conta com grandes reservas de <strong>água doce</strong>."	"A maior reserva de <strong>água doce</strong>, que ganha cada vez mais importância."	"95 a 98% das pérolas de <strong>água doce</strong> não são nucleadas."
5	"água mineral"	"C"	"tem"	"é"	"água"	"mineral"	"mineral"	"a"	"uma"	"Só beba <strong>água mineral</strong> lacrada."	"Os bons bebem café ou <strong>água mineral</strong>."	"Foram avaliadas 47 marcas de <strong>água mineral</strong>;"
6	"alarme falso"	"NC"	"tem"	"é"	"alarme"	"falso"	"falso"	"um"	"um"	"Felizmente, tudo não passou de um <strong>alarme falso</strong>."	"Achei que tinha tido progresso, mas nada, <strong>alarme falso</strong>."	"Os <strong>alarmes falsos</strong> da chegada dos rebeldes eram constantes."
7	"algodão-doce"	"PC"	"tem"	"é"	"algodão"	"doce"	"doce"	"um"	"um"	"Tem pipoca, estalinho, <strong>algodão doce</strong>, sorvete"	"Para a garotada, pipoca, <strong>algodão doce</strong>, cachorro quente, cama elástica e piscina de bolinhas."	"Adicione a isso jujubas e <strong>algodão doce</strong> e você terá o meu conceito de como deveria ser o paraíso!"
8	"alta temporada"	"C"	"tem"	"é"	"temporada"	"alta"	"alto"	"uma"	"uma"	"Na <strong>alta temporada</strong> (dezembro-fevereiro) evite usar carro."	"É importante reservar antes, principalmente em período de <strong>alta temporada</strong>!"	"A oferta de hotéis por toda a Índia é grande mesmo em <strong>alta temporada</strong>."
9	"alta-costura"	"PC"	"tem"	"é"	"costura"	"alta"	"alto"	"uma"	"uma"	"Em vez de tênis de baixa qualidade, vamos fazer tênis de <strong>alta costura</strong>."	"A marca Christian Dior é um ícone da moda de <strong>alta costura</strong>."	"Adoro ver roupas tidas como simples, mas com uma precisão de <strong>alta costura</strong>."
10	"alto mar"	"PC"	"tem"	"é"	"mar"	"alto"	"alto"	"um"	"um"	"Eles pescavam e congelavam os peixes em <strong>alto mar</strong>."	"Estória de batalha desesperada e mortes em <strong>alto mar</strong>."	"Os grandes cardumes só estão em <strong>alto mar</strong>!"
11	"alto-falante"	"NC"	"tem"	"é"	"falante"	"alto"	"alto"	"um"	"um"	"Possui microfone e <strong>alto-falante</strong> mono."	"Inauguramos serviços de <strong>alto-falantes</strong> e a rádio-colmeia."	"Como sei a potência do <strong>alto falante</strong>?"
12	"amigo oculto"	"PC"	"tem"	"é"	"amigo"	"oculto"	"oculto"	"um"	"um"	"E aguardo ansiosamente o livro do meu <strong>amigo-oculto</strong>."	"Teve presente de <strong>amigo oculto</strong> chegando pelos correios..."	"Logo, todos adivinham que seu <strong>amigo oculto</strong> é..."
13	"amigo secreto"	"PC"	"tem"	"é"	"amigo"	"secreto"	"secreto"	"um"	"um"	"Dar caixa de chocolates para o <strong>amigo secreto</strong>."	"Meu <strong>amigo secreto</strong> é um sujeito muito irado."	"<strong>Amigo secreto</strong> é trocar o presente espontâneo por um brinde."
14	"amor-próprio"	"PC"	"tem"	"é"	"amor"	"próprio"	"próprio"	"um"	"um"	"Eu escolhi <strong>amor próprio</strong> e não autopiedade."	"Perdeu o autorespeito e o <strong>amor proprio</strong>."	"Desenvolva mais <strong>amor próprio</strong>, cure suas inseguranças."
15	"ano-novo"	"PC"	"tem"	"é"	"ano"	"novo"	"novo"	"um"	"um"	"Esse ano, estarei embarcada Natal e <strong>ano novo</strong>."	"Esta é a minha decisão de <strong>ano novo</strong>."	"Esta é minha principal resolução de <strong>ano novo</strong>."
16	"ar condicionado"	"PC"	"tem"	"é"	"ar"	"condicionado"	"condicionado"	"um"	"um"	"Aparelhos de <strong>ar-condicionado</strong> são desligados."	"Alguns ônibus tem <strong>ar-condicionado</strong>."	"Existe <strong>ar-condicionado</strong> em todos os quartos."
17	"ar livre"	"NC"	"tem"	"é"	"ar"	"livre"	"livre"	"o"	"um"	"E vamos também construir uma piscina de <strong>ar livre</strong> em Vila Verde."	"Artística, gosta de coisas bonitas e também da natureza e de <strong>ar livre</strong>."	"Este restaurante ao <strong>ar livre</strong> está especializado em pratos tradicionais brasileiros, como a galinhada caipira."
18	"arma branca"	"PC"	"tem"	"é"	"arma"	"branca"	"branco"	"uma"	"uma"	"Oito pessoas foram detidas com rojões e <strong>armas brancas</strong>."	"Gangues ligadas ao grupo costumam portar <strong>armas brancas</strong> e de fogo."	"Foices e facões são <strong>armas brancas</strong> de uso corriqueiro."
19	"ato falho"	"PC"	"tem"	"é"	"ato"	"falho"	"falho"	"um"	"um"	"Ocorre que temos razões para nossos esquecimentos, <strong>atos falhos</strong> e medos exagerados."	"Astúcia proposital ou <strong>ato falho</strong> freudiano, a redação ambígua confere ao depoimento um valor que não tem."	"Mas não é um <strong>ato falho</strong> e, ao invés de atrapalhar, trás um elemento a mais para a narrativa."
20	"banho turco"	"PC"	"tem"	"é"	"banho"	"turco"	"turco"	"um"	"um"	"Tome banho em um hammam, ou seja um <strong>banho turco</strong>."	"Somente no século XVII houve a introdução das casas de saunas e <strong>banhos turcos</strong>."	"O banho comunal na idade média e o <strong>banho turco</strong> tinham fins semelhantes."
21	"batata-doce"	"C"	"tem"	"é"	"batata"	"doce"	"doce"	"uma"	"uma"	"Como entrada veio um ceviche amazônico com <strong>batata doce</strong>."	"A <strong>batata doce</strong> é um alimento de baixo índice glicêmico."	"Confira em quais preparações a <strong>batata doce</strong> pode ser utilizada."
22	"bebida alcoólica"	"C"	"tem"	"é"	"bebida"	"alcoólica"	"alcoólico"	"uma"	"uma"	"Você costuma ingerir <strong>bebida alcoólica</strong>?"	"Proibiram a venda de <strong>bebidas alcoólicas</strong>?"	"As <strong>bebidas alcoólicas</strong> podem causar consequências graves."
23	"bode expiatório"	"NC"	"tem"	"é"	"bode"	"expiatório"	"expiatório"	"um"	"um"	"A classe médica está sendo usada como <strong>bode expiatório</strong>."	"Peguei-o para <strong>bode expiatório</strong>, Ziraldo?"	"Dialoguem e não arranjem mais um <strong>bode expiatório</strong>."
24	"braço direito"	"NC"	"tem"	"é"	"braço"	"direito"	"direito"	"um"	"um"	"Ele era praticamente o <strong>braço direito</strong> de meu avô."	"Não me considero <strong>braço direito</strong> do senhor Carlos."	"Tem 37 anos e é o <strong>braço direito</strong> de seu pai, Agustín."
25	"buraco negro"	"NC"	"tem"	"é"	"buraco"	"negro"	"negro"	"um"	"um"	"Esses <strong>buracos negros</strong> poderiam ter tamanhos subatômicos."	"Os <strong>buracos negros</strong> primordiais são propostas teóricas."	"Um <strong>buraco negro</strong> pode engolir pelo menos 10.000 sóis!"
26	"café colonial"	"C"	"tem"	"é"	"café"	"colonial"	"colonial"	"um"	"um"	"Termine a viagem na Floos Haus e saia rolando de tanto comer no <strong>café colonial</strong>."	"Os hotéis locais também oferecem boas alternativas, como noites de bailes e <strong>café coloniais</strong> aos sábados."	"Inclui <strong>café colonial</strong>, almoço, jantar e todas as atividades de lazer, incluindo cavalgadas, caiaque e pesca esportiva."
27	"caixa-forte"	"PC"	"tem"	"é"	"caixa"	"forte"	"forte"	"uma"	"uma"	"Experts em assaltos a cofres e <strong>caixas forte</strong>."	"Quero que estes sejam instalados em <strong>caixa forte</strong> em condições de conservação adequadas a cargo da câmara municipal."	"A lucidez que lhe permitiu guardar esses presentes em uma <strong>caixa forte</strong> blindada daquela casa, em vez dos guardar no Museu da Presidência da República."
28	"caixa-preta"	"PC"	"tem"	"é"	"caixa"	"preta"	"preto"	"uma"	"uma"	"Quando será aberta a <strong>caixa preta</strong> do sindicalismo brasileiro?"	"Eles foram convocados para abrir a <strong>caixa preta</strong> do panamericano."	"Em suma: aparelhos são <strong>caixas pretas</strong> que simulam o pensamento humano."
29	"caixeiro viajante"	"PC"	"tem"	"é"	"caixeiro"	"viajante"	"viajante"	"um"	"um"	"Além de marinheiro e <strong>caixeiro viajante</strong> devo ter sido poeta..."	"Os <strong>caixeiros viajantes</strong> partiram, não para vender a produção, mas para vender o país."	"Ridículo que os <strong>caixeiros viajantes</strong> de agora tentam vender o que os outros vão produzir."
30	"câmara fria"	"PC"	"tem"	"é"	"câmara"	"fria"	"frio"	"uma"	"uma"	"Fomos os primeiros da região a implantar uma <strong>câmara fria</strong> para sementes."	"A <strong>câmara fria</strong> armazena cerca de 30 bois e a capacidade diária de abate chega a 60 bois diários."	"Logo após a produção os barris seguem para os bares da rede e permanecem armazenados em <strong>câmaras frias</strong>."
31	"carne branca"	"PC"	"tem"	"é"	"carne"	"branca"	"branco"	"uma"	"uma"	"Ideal para acompanhar <strong>carnes brancas</strong> e massas."	"As carnes vermelhas são mais nutritivas do que as <strong>carnes brancas</strong>, com relação a micronutrientes."	"Trata-se de <strong>carne branca</strong>, com pouca gordura e boa fonte de proteína."
32	"carne vermelha"	"PC"	"tem"	"é"	"carne"	"vermelha"	"vermelho"	"uma"	"uma"	"Você poderá comer frango grelhado ou cozido ao invés de <strong>carne vermelha</strong>."	"Como os nutricionistas vêem o consumo de <strong>carne vermelha</strong>?"	"Ideal para acompanhar <strong>carnes vermelhas</strong>, caças e porco."
33	"carro-forte"	"PC"	"tem"	"é"	"carro"	"forte"	"forte"	"um"	"um"	"Quando o <strong>carro forte</strong> deixou o banco, os veículos ingressaram no estacionamento."	"Já tivemos ministros que nem sabiam a diferença entre um blindado e um <strong>carro forte</strong>."	"Assaltos mais ousados passaram a acontecer, e os <strong>carros fortes</strong> foram se tornando verdadeiras fortalezas."
34	"carta aberta"	"PC"	"tem"	"é"	"carta"	"aberta"	"aberto"	"uma"	"uma"	"Reproduzimos, na íntegra a <strong>carta aberta</strong> que foi redigida em inglês, macuxi e português."	"A <strong>carta aberta</strong> também faz denúncias de descaso com a saúde de indígenas."	"As cartas argumentativas podem ser: <strong>carta aberta</strong> à população, carta de reclamação e carta de solicitação."
35	"centro comercial"	"C"	"tem"	"é"	"centro"	"comercial"	"comercial"	"um"	"um"	"A chuva levou muita gente aos <strong>centros comerciais</strong>."	"Normalmente, os restaurantes encontram-se dentro de <strong>centros comerciais</strong>."	"Pedimos para ir ao maior <strong>centro comercial</strong> de Delhi."
36	"centro espírita"	"C"	"tem"	"é"	"centro"	"espírita"	"espírita"	"um"	"um"	"Qual o papel que o <strong>centro espírita</strong> deve desempenhar?"	"O <strong>centro espírita</strong> tem que ser o lugar de doutrina espírita."	"O público que frequenta um <strong>centro espírita</strong> busca o que em uma palestra?"
37	"cerca viva"	"PC"	"tem"	"é"	"cerca"	"viva"	"viva"	"uma"	"uma"	"É bem possível realizar uma <strong>cerca viva</strong>, com espécies distintas ao redor da horta."	"Ela forma uma ótima <strong>cerca viva</strong> quando plantada a cada metro e meio. "	"Também são cultivadas para <strong>cercas vivas</strong> inclusive de divisas territoriais e para sombreamento de estradas."
38	"céu aberto"	"NC"	"tem"	"é"	"céu"	"aberto"	"aberto"	"um"	"um"	"Em Florianópolis, o shopping a <strong>céu aberto</strong> será na rua Vidal Ramos."	"Eram umas lobas que, a <strong>céu aberto</strong> lutavam raivosamente para proteger sua tribo."	"O Inhotim reune obras de arte a <strong>céu aberto</strong>, galerias e um acervo com cerca de 500 obras de arte."
39	"cheiro-verde"	"NC"	"tem"	"é"	"cheiro"	"verde"	"verde"	"um"	"um"	"Pique o <strong>cheiro verde</strong> e as folhas de aipo."	"Bouquet garni: palavra de origem francesa que significa um ramalhete de <strong>cheiros verdes</strong>."	"Acerte o sal e finalize com suco de limão cravo e o <strong>cheiro verde</strong>."
40	"circuito integrado"	"C"	"tem"	"é"	"circuito"	"integrado"	"integrado"	"um"	"um"	"Nascia aí o <strong>circuito integrado</strong>, um pequeno pedaço, um pequeno chip."	"Em 1965, produziu seu primeiro <strong>circuito integrado</strong> experimental e começou a lançar equipamentos electrônicos transistorizados."	"Isto culminou com a construção do primeiro <strong>circuito integrado</strong> no final da década de sessenta."
41	"círculo vicioso"	"PC"	"tem"	"é"	"círculo"	"vicioso"	"vicioso"	"um"	"um"	"Como cortar este <strong>círculo vicioso</strong> negativo, destrutivo?"	"Acelerou-se o <strong>círculo vicioso</strong> entre finanças e política."	"Comendo mais, engorda e assim começa um <strong>círculo vicioso</strong>."
42	"círculo virtuoso"	"PC"	"tem"	"é"	"círculo"	"virtuoso"	"virtuoso"	"um"	"um"	"Em um <strong>círculo virtuoso</strong>, o processo se auto-alimenta."	"Um comportamento altruístico que gera o <strong>círculo virtuoso</strong> da reciprocidade."	"Foi criado um <strong>círculo virtuoso</strong>, em que se geram empregos formais, com salários maiores."
43	"classe executiva"	"PC"	"tem"	"é"	"classe"	"executiva"	"executivo"	"uma"	"uma"	"E ainda falta contar o preço de as passagens, todas na <strong>classe executiva</strong>."	"Ninguém viaja de <strong>classe executiva</strong> e os quartos dos hotéis são sempre compartilhados."	"Os lounges para primeira classe e <strong>classe executiva</strong> ficam no andar de cima."
44	"colégio militar"	"C"	"tem"	"é"	"colégio"	"militar"	"militar"	"um"	"um"	"Ela tem apenas 18 anos e cursa o último ano no <strong>colégio militar</strong> de Porto Alegre."	"Em 1960 ingressou no <strong>colégio militar</strong> em Lisboa."	"Cursou o <strong>colégio militar</strong> do Rio de Janeiro, no qual obteve o diploma de agrimensor."
45	"coluna social"	"PC"	"tem"	"é"	"coluna"	"social"	"social"	"uma"	"uma"	"O casal foi o assunto em todas as <strong>colunas sociais</strong>."	"Seus rostos ilustram as <strong>colunas sociais</strong> e as revistas de fofocas revelam sua vida privada."	"Depois de três anos vivendo em Washington, ele nunca apareceu em <strong>colunas sociais</strong>."
46	"comida caseira"	"C"	"tem"	"é"	"comida"	"caseira"	"caseiro"	"uma"	"uma"	"Deve estar habituado a <strong>comida caseira</strong> porque só quer latas de comida."	"Na passagem vimos uma plaquinha em uma casa anunciando <strong>comida caseira</strong>."	"No fundo do quintal tem mesinhas onde ela serve <strong>comida caseira</strong>."
47	"companhia aérea"	"C"	"tem"	"é"	"companhia"	"aérea"	"aéreo"	"uma"	"uma"	"A TAM linhas aéreas é uma <strong>companhia aérea</strong> brasileira."	"A Varig foi a primeira <strong>companhia aérea</strong> brasileira."	"Nossas <strong>companhias aéreas</strong> têm um histórico assustador."
48	"conta-corrente"	"PC"	"tem"	"é"	"conta"	"corrente"	"corrente"	"uma"	"uma"	"O governo britânico ameaçou congelar poupanças islandesas e <strong>contas correntes</strong>."	"Por exemplo, as transações ilegais de valores de <strong>contas correntes</strong>."	"Um cartão de débito tem ligação com sua <strong>conta corrente</strong>."
49	"coração partido"	"PC"	"tem"	"é"	"coração"	"partido"	"partido"	"um"	"um"	"Está com o <strong>coração partido</strong>, sangrando por dentro?"	"Estou realmente destruída, com o meu <strong>coração partido</strong>."	"A dor de um <strong>coração partido</strong> é inevitável, mas o sofrimento é opcional."
50	"corda bamba"	"NC"	"tem"	"é"	"corda"	"bamba"	"bambo"	"uma"	"uma"	"Você está sempre à beira do erro, na <strong>corda bamba</strong>."	"É difícil viver o tempo todo nessa <strong>corda bamba</strong>."	"É uma <strong>corda bamba</strong>, mas acho que conseguimos nos equilibrar muito bem."
51	"cordas vocais"	"C"	"têm"	"são"	"cordas"	"vocais"	"vocal"	"<!--x-->"	"<!--x-->"	"Sussurrar não poupa as <strong>cordas vocais</strong>, muito pelo contrário."	"A freqüência da voz é determinada pelas <strong>cordas vocais</strong>."	"Crises de tosse também podem causar lesão nas <strong>cordas vocais</strong>."
52	"curto-circuito"	"PC"	"tem"	"é"	"circuito"	"curto"	"curto"	"um"	"um"	"A memória entra em <strong>curto-circuito</strong>."	"Apagaram as luzes com um <strong>curto-circuito</strong> na casa de força."	"O incêndio foi provocado pelo <strong>curto-circuito</strong> de um video-game."
53	"deputado federal"	"C"	"tem"	"é"	"deputado"	"federal"	"federal"	"um"	"um"	"Ele quer se candidatar a <strong>deputado federal</strong> em 2014."	"Em 1986, elegeu-se <strong>deputado federal</strong> por São Paulo."	"O Nordeste tem 27 senadores e mais de uma centena de <strong>deputados federais</strong>."
54	"desfile militar"	"C"	"tem"	"é"	"desfile"	"militar"	"militar"	"um"	"um"	"Durante este festival os Sikhs realizam <strong>desfiles militares</strong> e espectáculos de artes marciais."	"Apenas será mantido o <strong>desfile militar</strong> na avenida Champs-Élysées."	"Em Moscou, a data é comemorada com <strong>desfiles militares</strong>, apresentações musicais e queima de fogos."
55	"direitos humanos"	"C"	"têm"	"são"	"direitos"	"humanos"	"humano"	"<!--x-->"	"<!--x-->"	"Os crimes relacionados com <strong>direitos humanos</strong> prescrevem?"	"Defensor ou agressor dos <strong>direitos humanos</strong>?"	"O documento citará a violação de <strong>direitos humanos</strong>."
56	"disco rígido"	"PC"	"tem"	"é"	"disco"	"rígido"	"rígido"	"um"	"um"	"Os spywares exploram os cookies armazenados no <strong>disco rígido</strong>."	"20Mb de espaço disponível no <strong>disco rígido</strong>;"	"A imagem do sistema deve ser salva em um <strong>disco rígido</strong>."
57	"disco voador"	"NC"	"tem"	"é"	"disco"	"voador"	"voador"	"um"	"um"	"Ilustração do que se acredita serem <strong>discos voadores</strong>."	"Estamos totalmente alheios a esse assunto de <strong>disco voador</strong>."	"Um encontro fatal com tripulantes de um <strong>disco voador</strong>?"
58	"efeito especial"	"PC"	"tem"	"é"	"efeito"	"especial"	"especial"	"um"	"um"	"Os <strong>efeitos especiais</strong> são convincentes."	"A cena é grotesca, com <strong>efeitos especiais</strong> exagerados e nojentos."	"Um mundo repleto de fabulosos <strong>efeitos especiais</strong> tridimensionais."
59	"elefante branco"	"NC"	"tem"	"é"	"elefante"	"branco"	"branco"	"um"	"um"	"Alguns dos estádios novos foram criticados por se tornarem \"<strong>elefantes brancos</strong>\" após a Copa."	"Tenho preocupação com o futuro do estádio de Manaus, pode ser mesmo um <strong>elefante branco</strong>."	"Os projectos megalómanos pontificavam-se como verdadeiros <strong>elefantes brancos</strong> desbaratando a eito toda a ajuda da cooperação internacional "
60	"escada rolante"	"PC"	"tem"	"é"	"escada"	"rolante"	"rolante"	"uma"	"uma"	"Os elevadores, <strong>escadas rolantes</strong> e esteiras rolantes;"	"Próximo existem duas <strong>escadas rolantes</strong> e dois elevadores."	"Nas outras subo de <strong>escada rolante</strong> com acompanhante."
61	"estrela cadente"	"C"	"tem"	"é"	"estrela"	"cadente"	"cadente"	"uma"	"uma"	"Um meteoro é também por vezes designado de <strong>estrela cadente</strong>."	"Nosso sistema solar também apresenta um fenômeno atmosférico frequente: as <strong>estrelas cadentes</strong>."	"E não é que uma chuva de <strong>estrelas cadentes</strong> caiu sobre a Terra?"
62	"exame clínico"	"C"	"tem"	"é"	"exame"	"clínico"	"clínico"	"um"	"um"	"Esse diagnostico é realizado através de <strong>exame clínico</strong> e radiográfico."	"Simples <strong>exame clínico</strong> poderia perfeitamente atender à exigência do tipo."	"Durante um <strong>exame clínico</strong>, muitas vezes o médico pode palpar a bexiga cheia."
63	"exame laboratorial"	"C"	"tem"	"é"	"exame"	"laboratorial"	"laboratorial"	"um"	"um"	"Reagentes aceleram o resultado de <strong>exames laboratoriais</strong>."	"O diagnóstico é feito através de <strong>exames laboratoriais</strong>."	"Não basta fazer <strong>exames laboratoriais</strong> e radiografias para estabelecer o diagnóstico."
64	"farinha integral"	"C"	"tem"	"é"	"farinha"	"integral"	"integral"	"uma"	"uma"	"Elaboração de macarrão cozido à base de <strong>farinha integral</strong> de quinoa e farinha de arroz."	"Use <strong>farinha integral</strong> em lugar da farinha branca ou fina, que é pobre de elementos nutritivos."	"Cada uma dessas linhas tem várias subdivisões com pães elaborados a partir de matérias-primas como centeio, glúten, linhaça e <strong>farinha integral</strong>."
65	"febre amarela"	"PC"	"tem"	"é"	"febre"	"amarela"	"amarelo"	"uma"	"uma"	"Jean-Baptiste morreu de <strong>febre amarela</strong> quando o filho tinha quinze meses."	"O Rio de Janeiro era assolado por doenças como varíola e <strong>febre amarela</strong>."	"Fui olhar o meu atestado de vacina contra <strong>febre amarela</strong>."
66	"ficha limpa"	"NC"	"tem"	"é"	"ficha"	"limpa"	"limpo"	"uma"	"uma"	"A questão da corrupção, da <strong>ficha limpa</strong>."	"Não há objeção dos deputados para que haja <strong>ficha limpa</strong>."	"Só deputado e senador têm que ter <strong>ficha limpa</strong>? "
67	"fila indiana"	"PC"	"tem"	"é"	"fila"	"indiana"	"indiano"	"uma"	"uma"	"Caminhavam em <strong>fila indiana</strong>, uma influência indígena."	"Seguimos em <strong>fila indiana</strong> subindo e descendo encostas de areia carregando nossas enormes mochilas."	"Chamamos de <strong>fila indiana</strong> a fila em que uma pessoa fica atrás da outra esperando sua vez."
68	"fio condutor"	"NC"	"tem"	"é"	"fio"	"condutor"	"condutor"	"um"	"um"	"Esse é o <strong>fio condutor</strong> dessa coletânea de textos."	"Tem um <strong>fio condutor</strong> em redor do qual se desencadeia toda a história."	"A grande preocupação foi que houvesse um <strong>fio condutor</strong> em todo o concerto."
69	"força bruta"	"PC"	"tem"	"é"	"força"	"bruta"	"bruto"	"uma"	"uma"	"A <strong>força bruta</strong> seria a solução para a criminalidade que nos assola."	"A mobilidade da vida social moderna exige inteligência, não <strong>força bruta</strong>;"	"Usar a <strong>força bruta</strong>, para tentar impor um ponto de vista não vai funcionar."
70	"gato-pingado"	"NC"	"tem"	"é"	"gato"	"pingado"	"pingado"	"um"	"um"	"Não deu quase ninguém, só alguns <strong>gatos pingados</strong>! "	"Os esquerdistas, na comparação, eram meia dúzia de <strong>gatos pingados</strong>."	"Se der mil <strong>gatos pingados</strong> pode registrar como o primeiro milagre no século XXI."
71	"gelo-seco"	"PC"	"tem"	"é"	"gelo"	"seco"	"seco"	"um"	"um"	"Weldon igualou os efeitos filmados em Yellowstone com <strong>gelo seco</strong> e máquinas de fumaça."	"Sim, o <strong>gelo seco</strong>, que é dióxido de carbono na forma sólida, é uma substância perigosa."	"Os pólos estão cobertos por calotas polares formadas por <strong>gelo seco</strong> (dióxido de carbono congelado) e gelo de água."
72	"golpe baixo"	"NC"	"tem"	"é"	"golpe"	"baixo"	"baixo"	"um"	"um"	"A Internet abre possibilidades sem fim para abusos e <strong>golpes baixos</strong>."	"Em esse campo são corriqueiras as brigas judiciais, <strong>golpes baixos</strong> e acusações de favorecimento."	"No afã de alcançar seus objetivos, para alguns vale tudo, até <strong>golpes baixos</strong>."
73	"governo federal"	"C"	"tem"	"é"	"governo"	"federal"	"federal"	"um"	"um"	"Apenas o <strong>governo federal</strong> teria essa autoridade."	"Armados e treinados pelo <strong>governo federal</strong>."	"Uma crise política abalou o <strong>governo federal</strong>."
74	"gripe aviária"	"PC"	"tem"	"é"	"gripe"	"aviária"	"aviário"	"uma"	"uma"	"Há suspeitas de que o foco da <strong>gripe aviária</strong> tenha surgido nesses locais."	"Seja essa pandemia causada pelo vírus da <strong>gripe aviária</strong>, suína ou qualquer outro."	"Os porcos também podem ser infectados por vírus da <strong>gripe aviária</strong> e por vírus da influenza sazonal humana."
75	"gripe suína"	"PC"	"tem"	"é"	"gripe"	"suína"	"suíno"	"uma"	"uma"	"Como a <strong>gripe suína</strong> se espalha?"	"Como diferenciar entre gripe comum e <strong>gripe suína</strong>?"	"Existe uma vacina que combate a <strong>gripe suína</strong>?"
76	"guarda-florestal"	"C"	"tem"	"é"	"guarda"	"florestal"	"florestal"	"um"	"um"	"Um <strong>guarda florestal</strong> faz patrulhas regulares para afastar os caçadores."	"Ele foi no início utilizado por <strong>guardas florestais</strong> para combater a caça clandestina."	"No inverno, só pode visitar a Spruce Tree House em uma visita guiada por um <strong>guarda florestal</strong>."
77	"jogo duro"	"NC"	"tem"	"é"	"jogo"	"duro"	"duro"	"um"	"um"	"Eu sou franco e <strong>jogo duro</strong>, não abro mão de aquilo que eu gosto."	"A captação de recursos privados tem sido afetada pelo <strong>jogo duro</strong> do Planalto e pela ausência de uma lei das ONGs."	"A oposição fez um <strong>jogo duro</strong>, não dando trégua, na esperança de enfraquecer lula e derrotá-lo"
78	"juízo final"	"NC"	"tem"	"é"	"juízo"	"final"	"final"	"um"	"um"	"A ressurreição dos mortos ocorrerá antes do <strong>juízo final</strong>."	"A parede do fundo exibia cenas relativas ao <strong>juízo final</strong>."	"Esse veredito de Deus sobre Davi nos leva ao grande <strong>juízo final</strong>."
79	"leite integral"	"C"	"tem"	"é"	"leite"	"integral"	"integral"	"um"	"um"	"Depois do primeiro aniversário, já dá para dar <strong>leite integral</strong>."	"O brasileiro aumentou o consumo de <strong>leite integral</strong> e carne com gordura."	"Troque o <strong>leite integral</strong> pelo desnatado e economize nas calorias."
80	"lista negra"	"PC"	"tem"	"é"	"lista"	"negra"	"negro"	"uma"	"uma"	"Maradona e Palermo também estão na <strong>lista negra</strong> de Román."	"Passou sete meses com homens que estavam na <strong>lista negra</strong> de Israel."	"Quem se recusasse a aceitar esse Evangelho era colocado na <strong>lista negra</strong>."
81	"livre-docente"	"PC"	"tem"	"é"	"docente"	"livre"	"livre"	"um"	"um"	"Sou também mestre e doutor, e depois <strong>livre docente</strong>."	"Membro da American Academy of Forensic Science, Wilmes é <strong>livre-docente</strong> e dá aulas em três faculdades."	"Seu pai era químico e foi <strong>livre docente</strong> da Universidade de Praga."
82	"livro aberto"	"NC"	"tem"	"é"	"livro"	"aberto"	"aberto"	"um"	"um"	"Quem adora desta forma nada tem a esconder, sua vida é um <strong>livro aberto</strong>."	"Você é simplesmente um <strong>livro aberto</strong>, contando ao mundo a respeito de seu autor."	"Porque eu posso ser um <strong>livro aberto</strong> - mas algumas páginas estão e continuarão coladas, hehehe."
83	"longa data"	"NC"	"tem"	"é"	"data"	"longa"	"longo"	"uma"	"uma"	"Todos vocês me conhecem de <strong>longa data</strong>."	"Essa colaboração de <strong>longa data</strong> também ajuda."	"Não é que fôssemos amigos de <strong>longa data</strong>."
84	"longa-metragem"	"NC"	"tem"	"é"	"metragem"	"longa"	"longo"	"uma"	"uma"	"O <strong>longa-metragem</strong> tem Isabella Rossellini no elenco."	"O <strong>longa-metragem</strong> mudo francês quebrou diversos paradigmas."	"Seus documentários de <strong>longa-metragem</strong> alcançaram grande sucesso."
85	"lua cheia"	"C"	"tem"	"é"	"lua"	"cheia"	"cheio"	"uma"	"uma"	"Este ano de <strong>luas cheias</strong> é muito apropriadamente chamado!"	"O seguimento das estrelas permitiu-lhes reconhecer e antecipar eventos tais como eclipses e <strong>luas cheias</strong>."	"Todas as <strong>luas cheias</strong>, possuem diferentes auréolas, a branca é simbólica da magia branca, a dourada trás prosperidade."
86	"lua nova"	"C"	"tem"	"é"	"lua"	"nova"	"novo"	"uma"	"uma"	"Levantem-se pois agora e te salvem os astrólogos, que nas <strong>luas novas</strong> prognosticam o que há de vir sobre ti."	"Período de maior intensidade: época das chuvas, nos meses de janeiro a maio e no mês de setembro, durante as <strong>luas nova</strong> e cheia."	"Para muitos povos antigos, um novo mês era anunciado na passagem da <strong>lua nova</strong> para a lua crescente."
87	"lugar-comum"	"NC"	"tem"	"é"	"lugar"	"comum"	"comum"	"um"	"um"	"Cheias de <strong>lugares-comuns</strong> e banalidades;"	"Clichê, chavão, <strong>lugar-comum</strong>."	"Metodologias de desenvolvimento ágil e scrum são agora <strong>lugar-comum</strong>."
88	"má-fé"	"NC"	"tem"	"é"	"fé"	"má"	"mau"	"uma"	"uma"	"Há uma tremenda <strong>má-fé</strong> no que escreveu o fantasioso Will Durant."	"Para o juiz, o consumidor agiu de <strong>má-fé</strong>."	"Não sei se ele age assim por ignorância ou <strong>má-fé</strong>."
89	"magia negra"	"PC"	"tem"	"é"	"magia"	"negra"	"negro"	"uma"	"uma"	"E envolveu-se com satanismo e <strong>magia negra</strong>."	"Candomblé pensam logo em <strong>magia negra</strong>, ou macumba."	"O que faço para me proteger de <strong>magias negras</strong> e mau olhado?"
90	"mão-fechada"	"NC"	"tem"	"é"	"mão"	"fechada"	"fechado"	"um"	"uma"	"No jargão popular, um \"rei da sovinice\", um verdadeiro \"<strong>mão fechada</strong>\"."	"A questão não é ser <strong>mão fechada</strong>, mas acho que compensa mais você comprar um livro por um preço bacana e gastar o resto da grana com outra coisa."	"Mas o time podre de rico, com caixa gordo e <strong>mão fechada</strong>, como a Alemanha, anseia por novos mercados sem restrições para suas exportações."
91	"máquina virtual"	"C"	"tem"	"é"	"máquina"	"virtual"	"virtual"	"uma"	"uma"	"Feito isso, sua nova <strong>máquina virtual</strong> estará pronta para receber o Windows 8."	"Os bytecodes são interpretados pela <strong>máquina virtual</strong> Java."	"Para não deixar a <strong>máquina virtual</strong> muito lenta, é aconselhado utilizar metade da memória disponível."
92	"mar aberto"	"PC"	"tem"	"é"	"mar"	"aberto"	"aberto"	"um"	"um"	"Alcançada a ponta de Santo Antonio, saíram a <strong>mar aberto</strong>."	"Ele condena a turma a nadar em <strong>mar aberto</strong>."	"As espécies de <strong>mar aberto</strong> têm por princípio a natação contínua."
93	"maré alta"	"C"	"tem"	"é"	"maré"	"alta"	"alto"	"uma"	"uma"	"Em dias de <strong>maré alta</strong>, delas é possível apreciar as ondas que parecem invadir o ambiente."	"Seu volume também o condiciona a uma oscilação muito maior de suas águas quando dos intervalos entre <strong>maré alta</strong> a maré baixa."	"Em certas áreas litorâneas, como algumas ilhas do Pacífico, isso significou um avanço de 100 metros na <strong>maré alta</strong>."
94	"maré baixa"	"C"	"tem"	"é"	"maré"	"baixa"	"baixo"	"uma"	"uma"	"O adolescente perdeu a vida por meio de um mergulho na <strong>maré baixa</strong>."	"Apresenta grandes raízes aéreas que ficam expostas durante a <strong>maré baixa</strong>."	"Possui águas agitadas e mornas formando piscinas naturais na <strong>maré baixa</strong>."
95	"massa cinzenta"	"NC"	"tem"	"é"	"massa"	"cinzenta"	"cinzento"	"uma"	"uma"	"Estudos mostram aumento de <strong>massa cinzenta</strong> e branca em cérebros de adultos mais velhos."	"E perceberam um aumento na <strong>massa cinzenta</strong> daqueles que praticavam esportes."	"Uma das áreas que não nascem prontas é a parte superior da <strong>massa cinzenta</strong>, composta pelo neocórtex."
96	"mau contato"	"PC"	"tem"	"é"	"contato"	"mau"	"mau"	"um"	"um"	"Vi que o fio do seu carregador está com <strong>mau contato</strong>."	"Os aparelhos podem pegar fogo se submetidos a <strong>mau contato</strong> ou curto circuito."	"Verificar se há aquecimento nos fios ou <strong>mau contato</strong>, que causam fuga de energia."
97	"mau-humor"	"C"	"tem"	"é"	"humor"	"mau"	"mau"	"um"	"um"	"<strong>Mau humor</strong>, preguiça, desânimo."	"Afaste de mim todo <strong>mau humor</strong> e amargura."	"Seriedade não é cara feia e <strong>mau humor</strong>."
98	"mau-olhado"	"NC"	"tem"	"é"	"olhado"	"mau"	"mau"	"um"	"um"	"Esquecer o olho grande e o <strong>mau olhado</strong> em volta."	"Protege dos maus espíritos e do <strong>mau olhado</strong>."	"Ela é também usada como amuleto para proteger do <strong>mau olhado</strong>."
99	"mercado negro"	"PC"	"tem"	"é"	"mercado"	"negro"	"negro"	"um"	"um"	"Proliferou o <strong>mercado negro</strong> e incentivou-se o processo inflacionário."	"Sua aquisição se faz via <strong>mercado negro</strong> ou por meio de receita especial."	"As atividades do <strong>mercado negro</strong> exigem o cometimento de outros crimes."
100	"mesa-redonda"	"NC"	"tem"	"é"	"mesa"	"redonda"	"redondo"	"uma"	"uma"	"Uma <strong>mesa redonda</strong> diferente, mais dinâmica e com convidados especiais."	"Em seguida haverá <strong>mesa redonda</strong>, palestras e debates com o secretário de direitos humanos Fernando Matos."	"Capacitação gratuita diversas palestras, <strong>mesas redondas</strong> e conversas com especialistas estão sendo preparadas."
101	"montanha-russa"	"NC"	"tem"	"é"	"montanha"	"russa"	"russo"	"uma"	"uma"	"Cada <strong>montanha russa</strong> é mais emocionante do que a outra!"	"As crianças deliciavam-se durante tardes inteiras, com seu brinquedo favorito: uma <strong>montanha russa</strong>  em forma de dinossauro! "	"As <strong>montanhas russas</strong> também são um dos atrativos de este parque."
102	"navio negreiro"	"C"	"tem"	"é"	"navio"	"negreiro"	"negreiro"	"um"	"um"	"Acredita-se que tenham vindo da África em <strong>navios negreiros</strong>."	"Derrotada, foi levada como escrava para um <strong>navio negreiro</strong> e desembarcada em Recife."	"Esta lei permitia aos navios britânicos apreender <strong>navios negreiros</strong> que cruzassem o Atlântico."
103	"nó cego"	"PC"	"tem"	"é"	"nó"	"cego"	"cego"	"um"	"um"	"Há muitos <strong>nós cegos</strong> que têm de ser desatados e não podem ser abruptamente cortados em pedaços."	"A minha tese é a de que o pragmatismo político do ex-presidente lula colocou a quase totalidade dos partidos brasileiros em uma sacola e deu um <strong>nó cego</strong>."	"Eu tinha o coração mais apertado que um <strong>nó cego</strong>."
104	"novo mundo"	"NC"	"tem"	"é"	"mundo"	"novo"	"novo"	"um"	"um"	"Lentamente estamos construindo um <strong>novo mundo</strong>."	"O ensino fundamental é um <strong>novo mundo</strong>."	"Comece a construir este <strong>novo mundo</strong> em seu coração."
105	"novo-rico"	"PC"	"tem"	"é"	"rico"	"novo"	"novo"	"um"	"um"	"Os <strong>novos ricos</strong> precisam despejar dinheiro, pois não têm tradição."	"Perdemos a humildade e ganhámos a ganância dos <strong>novos ricos</strong>."	"Os <strong>novos ricos</strong>, emergentes, ex-pobres, escolhem religiões novas, recém-fundadas."
106	"núcleo atômico"	"C"	"tem"	"é"	"núcleo"	"atômico"	"atômico"	"um"	"um"	"As forças nucleares mantém os núcleos (protons e neutrons) unidos no <strong>núcleo atômico</strong>."	"É proibido manipular <strong>núcleos atómicos</strong>, assim como realizar fissão e fusão nuclear."	"Em estado de repouso, essas partículas têm massa e formam os átomos e os <strong>núcleos atômicos</strong>."
107	"olho gordo"	"NC"	"tem"	"é"	"olho"	"gordo"	"gordo"	"um"	"um"	"Eles também querem ser amados e terem amigos sinceros sem <strong>olho gordo</strong> em suas fortunas materiais."	"O nome turco do amuleto que protege contra o mau olhado e <strong>olho gordo</strong> é Nazar Boncuk."	"Eles são usados para espantar o mau olhado, ou o \" <strong>olho gordo</strong>\", como alguns preferem dizer."
108	"olho mágico"	"NC"	"tem"	"é"	"olho"	"mágico"	"mágico"	"um"	"um"	"Espero você tocar a campainha olhando o escuro pelo <strong>olho mágico</strong>."	"Quem atendeu a porta fui eu, ao ver o rosto do zelador no <strong>olho mágico</strong>."	"Dificulte a ação dos infratores, se possível instale grades nas janelas, <strong>olho mágico</strong> e trancas nas portas"
109	"olho nu"	"PC"	"tem"	"é"	"olho"	"nu"	"nu"	"um"	"um"	"Ilusionismo: pode gerar imagens imperceptíveis ao <strong>olho nu</strong>."	"Escondidas no interior do metal, ficam invisíveis ao <strong>olho nu</strong>."	"Ele acha que as mulheres sempre estão reclamando, mesmo com prosperidade a <strong>olhos nus</strong>."
110	"ônibus executivo"	"C"	"tem"	"é"	"ônibus"	"executivo"	"executivo"	"um"	"um"	"Viagens em <strong>ônibus executivos</strong> estão orçadas em R$ 60."	"Uma solução interessante são as \"lotações\", que é como eles chamam os <strong>ônibus executivos</strong>."	"Tem <strong>ônibus executivo</strong>, táxi, carona de amigo a questão é o quanto você quer, ou pode, gastar."
111	"ovelha negra"	"NC"	"tem"	"é"	"ovelha"	"negra"	"negro"	"uma"	"uma"	"Ele sempre foi o que você poderia chamar de <strong>ovelha negra</strong> da família."	"Já Eduardo Cunha deve sair do processo como a <strong>ovelha negra</strong> do partido."	"É claro que ela era a <strong>ovelha negra</strong> da família, muito diferente de todos os demais."
112	"pão-duro"	"NC"	"tem"	"é"	"pão"	"duro"	"duro"	"um"	"um"	"Era um <strong>pão duro</strong>, um avarento."	"O <strong>pão duro</strong> quer que seu cão seja tratado de graça."	"Mas o <strong>pão duro</strong> não consegue pagar e recebe uma carta de cobrança."
113	"papel higiênico"	"C"	"tem"	"é"	"papel"	"higiênico"	"higiênico"	"um"	"um"	"Forneciam sabonete, toalha e <strong>papel higiênico</strong>."	"Coloque assentos nos vasos-sanitários, sabonete líquido, papel toalha individual e  <strong>papel higiênico</strong>  nos sanitários masculino e feminino dos alunos."	"Pegue um pedaço de papel toalha ou  <strong>papel higiênico</strong>, embeba em álcool e passe sobre a placa; vá passando o papel até que não saia mais fuligem."
114	"paraíso fiscal"	"PC"	"tem"	"é"	"paraíso"	"fiscal"	"fiscal"	"um"	"um"	"Como se os seus donos tivessem embolsado os ganhos e mandado para algum <strong>paraíso fiscal</strong>."	"A ilha de Jersey é considerada um <strong>paraíso fiscal</strong>."	"A empresa também é suspeita de manter contas em <strong>paraísos fiscais</strong> através da M-Cor Holding."
115	"pastor alemão"	"NC"	"tem"	"é"	"pastor"	"alemão"	"alemão"	"um"	"um"	"Pit Bulls, Rottweilers e <strong>pastores alemães</strong> também apresentam maior incidência de displasia coxo-femural."	"Quando voltou aos Estados Unidos, ele trouxe um <strong>pastor alemão</strong> chamado Buddy."	"As raças analisadas são, entre outras, o Golden Retriever e o <strong>pastor alemão</strong> para o câncer."
116	"pau-mandado"	"NC"	"tem"	"é"	"pau"	"mandado"	"mandado"	"um"	"um"	"Este <strong>pau mandado</strong> dos poderosos da Europa, este borra-botas pensa que já o esquecemos?"	"Como um bom <strong>pau mandado</strong>, ele entregou as imensas riquezas de mineração e petróleo congolesas a corporações multinacionais."	"A cidade não precisa de um <strong>pau mandado</strong> dos governos federal ou estadual para se sentir segura em esse processo."
117	"pavio curto"	"NC"	"tem"	"é"	"pavio"	"curto"	"curto"	"um"	"um"	"É conhecido por seu <strong>pavio curto</strong> e comportamento agressivo."	"De <strong>pavio curto</strong>, admitiu que não tinha talento para obedecer ordens."	"É <strong>pavio curto</strong>, não tolera irreverências, coisas que acha fora de padrão."
118	"pé quente"	"NC"	"tem"	"é"	"pé"	"quente"	"quente"	"um"	"um"	"Espero confirmar lá no final do campeonato esta fama de <strong>pé quente</strong>."	"O <strong>pé quente</strong> Cláudio Assis é, no Brasil, um recordista de prêmios."	"Sou <strong>pé quente</strong> e gosto de vestir a camisa do time em que estou jogando."
119	"pé-direito"	"NC"	"tem"	"é"	"pé"	"direito"	"direito"	"um"	"um"	"Considera-se <strong>pé direito</strong> a altura compreendida entre o piso e o forro acabados."	"Tijolos aparentes, <strong>pé direito</strong> alto e decoração moderna e bonitinha."	"Todos os ambientes terão <strong>pé direito</strong> duplo."
120	"pé-frio"	"NC"	"tem"	"é"	"pé"	"frio"	"frio"	"um"	"um"	"<strong>Pé frio</strong> é pouco para definir certos graus de azar inexplicáveis."	"Após perder duas copas do mundo no comando da seleção brasileira de futebol, amargou por muito tempo a fama de <strong>pé frio</strong>."	"Ganhou até uma fama de \"<strong>pé frio</strong>\", por ter alguns rebaixamentos em seu currículo obviamente, folclore."
121	"pente fino"	"NC"	"tem"	"é"	"pente"	"fino"	"fino"	"um"	"um"	"Nós agora temos que fazer uma operação <strong>pente fino</strong>."	"Após um <strong>pente fino</strong>, a CGU apurou que a licitação para oito rotas foi forjada."	"A Nature usa o método de amostragem, escolhendo um trabalho por edição para o <strong>pente fino</strong>."
122	"peso morto"	"NC"	"tem"	"é"	"peso"	"morto"	"morto"	"um"	"um"	"Mas além do <strong>peso morto</strong> eles geram outro desperdício."	"Uma entidade, a paróquia, parecia ter se tornado um <strong>peso morto</strong> e inútil."	"Muitos fracassam na vida e se tornam <strong>pesos mortos</strong>, porque não se dão conta de isso."
123	"planta baixa"	"PC"	"tem"	"é"	"planta"	"baixa"	"baixo"	"uma"	"uma"	"Finalizaremos a <strong>planta baixa</strong> do pavimento inferior."	"Exercício: desenhar a <strong>planta baixa</strong> da figura abaixo na escala de 1:50."	"Por-que não faz a <strong>planta baixa</strong> de seu espaço de trabalho e projeta da forma que lhe for mais confortável?"
124	"poção mágica"	"C"	"tem"	"é"	"poção"	"mágica"	"mágico"	"uma"	"uma"	"Para ser feliz não existe <strong>poção mágica</strong>."	"De manhã, beba em jejum essa magnífica <strong>poção mágica</strong> de força e bem-estar."	"Ela usou uma <strong>poção mágica</strong> para transportá-lo, enquanto ele dormia."
125	"pólo-aquático"	"C"	"tem"	"é"	"pólo"	"aquático"	"aquático"	"<!--x-->"	"<!--x-->"	"Filho de brasileiros, ele foi vice-campeão olímpico de <strong>polo aquático</strong> pelos Estados Unidos em Pequim."	"O <strong>pólo aquático</strong> também faz parte do quadro de desportos dos jogos olímpicos."	"Os atletas amadores preferem utilizar o lago para natação ou um jogo de <strong>pólo aquático</strong>."
126	"ponto cego"	"PC"	"tem"	"é"	"ponto"	"cego"	"cego"	"um"	"um"	"Estes aparelhos simulam o movimento natural das ondas permitindo evitar <strong>pontos cegos</strong>."	"Já no trânsito, a precariedade visual provoca excesso de <strong>pontos cegos</strong>."	"Cabe então nos perguntarmos: quais são os <strong>pontos cegos</strong> da nossa ciência de hoje?"
127	"ponto forte"	"C"	"tem"	"é"	"ponto"	"forte"	"forte"	"um"	"um"	"Quais são seus <strong>pontos fortes</strong>?"	"Ambas tem <strong>pontos fortes</strong> e fracos."	"Todos nós temos <strong>pontos fortes</strong> e fragilidades."
128	"ponto fraco"	"C"	"tem"	"é"	"ponto"	"fraco"	"fraco"	"um"	"um"	"O projeto era simétrico, sem <strong>pontos fracos</strong>."	"E para reconhecer <strong>pontos fracos</strong> é necessário muita maturidade."	"Descubra o que seus clientes valorizam e quais são seus <strong>pontos fracos</strong>."
129	"prato feito"	"PC"	"tem"	"é"	"prato"	"feito"	"feito"	"um"	"um"	"Escolhemos o <strong>prato feito</strong> por R$ 15,00."	"Se você for comer na rua o prato típico é o Tali, que em Hindi quer dizer <strong>prato feito</strong>."	"Só tinha um cara, que eu saquei que devia ser o zelador, comendo um <strong>prato feito</strong>, sentado perto de uma das janelas."
130	"primeira infância"	"PC"	"tem"	"é"	"infância"	"primeira"	"primeiro"	"uma"	"uma"	"Isso se desenvolve desde a <strong>primeira infância</strong>."	"Da minha <strong>primeira infância</strong> só tenho lembranças felizes."	"Apavorei-me com o tema: diversidade sexual na <strong>primeira infância</strong>."
131	"primeira mão"	"NC"	"tem"	"é"	"mão"	"primeira"	"primeiro"	"uma"	"uma"	"Lembram que este blog deu em <strong>primeira mão</strong> que a Procuradoria Geral da República tinha publicado um site explicando o Mensalão para as crianças?"	"Encerrada a ligação, me dei conta de que tinha informações extraordinárias, obtidas de uma testemunha de <strong>primeira mão</strong>."	"Matilde tinha caído depois que o Coturno Noturno denunciou, em <strong>primeira mão</strong>, as suas compras no Duty Free com dinheiro público."
132	"primeira necessidade"	"PC"	"tem"	"é"	"necessidade"	"primeira"	"primeiro"	"uma"	"uma"	"Na ordem de prioridade dos usos da água, essa é a <strong>primeira necessidade</strong> a ser atendida."	"Os proprietários dos imóveis poderão usar das águas do aqueduto para as <strong>primeiras necessidades</strong> da vida."	"O possuidor do imóvel superior não poderá poluir as águas indispensáveis às <strong>primeiras necessidades</strong> da vida dos possuidores dos imóveis inferiores."
133	"primeira-dama"	"NC"	"tem"	"é"	"dama"	"primeira"	"primeiro"	"uma"	"uma"	"Foram padrinhos o prefeito e a <strong>primeira dama</strong> de Patrocínio Paulista."	"Jorginho conta que Luviana é uma <strong>primeira dama</strong> com jeito de primeira ministra."	"Siqueira deve viajar o nordeste em companhia da <strong>primeira dama</strong>..."
134	"primeiro ministro"	"PC"	"tem"	"é"	"ministro"	"primeiro"	"primeiro"	"um"	"um"	"Sócrates foi um péssimo <strong>primeiro ministro</strong>?"	"Considere-se o <strong>primeiro ministro</strong> britânico David Cameron."	"Tancredo Neves abriu a lista de <strong>primeiros ministros</strong>."
135	"primeiro plano"	"NC"	"tem"	"é"	"plano"	"primeiro"	"primeiro"	"um"	"um"	"Um <strong>primeiro plano</strong> mostra a tensão de seu semblante."	"Eu realmente consigo trazer a emoção para o <strong>primeiro plano</strong>."	"O sentido da sua vida ficou em <strong>primeiro plano</strong>."
136	"príncipe encantado"	"PC"	"tem"	"é"	"príncipe"	"encantado"	"encantado"	"um"	"um"	"Elas ainda são criadas para acreditar no <strong>príncipe encantado</strong>."	"Eu nunca esperei um <strong>príncipe encantado</strong> pelo contrário, sempre achei os sapos mais interessantes!"	"As moças assistiam ao filme Sissi a imperatriz e sonhavam com o <strong>príncipe encantado</strong>."
137	"processo seletivo"	"C"	"tem"	"é"	"processo"	"seletivo"	"seletivo"	"um"	"um"	"<strong>Processo seletivo</strong> inclui entrevista pessoal."	"As inscrições para o <strong>processo seletivo</strong> são gratuitas."	"Será publicado edital com informações sobre o <strong>processo seletivo</strong>."
138	"pronto-socorro"	"PC"	"tem"	"é"	"socorro"	"pronto"	"pronto"	"um"	"um"	"Há crianças que chegam esqueléticas ao <strong>pronto-socorro</strong>."	"A explosão acabou com 18 hospitais e 32 postos de <strong>pronto-socorro</strong>."	"Além disso, diariamente pessoas chegam no <strong>pronto-socorro</strong> com ferimentos de bala."
139	"puro-sangue"	"NC"	"tem"	"é"	"sangue"	"puro"	"puro"	"<!--x-->"	"<!--x-->"	"A paixão é como um legítimo cavalo <strong>puro sangue</strong>."	"Que fazer se os outros cavalos grandes e <strong>puros sangue</strong> tinham toda a prioridade?"	"Acredita-se que seja o antecessor do cavalo árabe e de outros <strong>puros sangues</strong>."
140	"quadro-negro"	"PC"	"tem"	"é"	"quadro"	"negro"	"negro"	"um"	"um"	"O primeiro cardápio da rede era escrito em um <strong>quadro negro</strong>."	"Quando muito diríamos que só são entes de giz no <strong>quadro negro</strong>."	"Mário taca um giz em Suzana, enquanto ela escreve no <strong>quadro negro</strong>."
141	"queda livre"	"C"	"tem"	"é"	"queda"	"livre"	"livre"	"uma"	"uma"	"De facto o PIB grego permaneceu em uma <strong>queda livre</strong> ininterrupta."	"Jovens curtindo a adrenalina da <strong>queda livre</strong> em direção ao abismo."	"Mesmo o preço no mercado europeu tem estado em <strong>queda livre</strong>!"
142	"quinta categoria"	"NC"	"tem"	"é"	"categoria"	"quinta"	"quinto"	"uma"	"uma"	"Somos um carro novo rodando a todo vapor com combustível de <strong>quinta categoria</strong>."	"Acabou o capítulo de \"Amor e Revolução\", um folhetim de <strong>quinta categoria</strong>."	"Espetáculo de <strong>quinta categoria</strong> com produção onerosa para o bolso do contribuinte."
143	"rede social"	"C"	"tem"	"é"	"rede"	"social"	"social"	"uma"	"uma"	"Veja as <strong>redes sociais</strong> como Facebook."	"O Twitter não é uma <strong>rede social</strong>."	"As <strong>redes sociais</strong> são os sites mais acessados."
144	"regime político"	"C"	"tem"	"é"	"regime"	"político"	"político"	"um"	"um"	"A democracia é o seu <strong>regime político</strong>."	"O absolutismo foi abolido em favor do <strong>regime político</strong> liberal."	"Os gregos distinguiam três <strong>regimes políticos</strong>: monarquia, aristocracia e democracia."
145	"relógio analógico"	"C"	"tem"	"é"	"relógio"	"analógico"	"analógico"	"um"	"um"	"Vem com formas coloridas e <strong>relógio analógico</strong>."	"A leitura de um <strong>relógio analógica</strong> em ângulo muda de acordo com a posição de quem lê."	"Engastes de alumínio escovado nas portas e volante dão uma dose extra de requinte ao interior do modelo, assim como o generoso <strong>relógio analógico</strong> no centro do console."
146	"relógio biológico"	"C"	"tem"	"é"	"relógio"	"biológico"	"biológico"	"um"	"um"	"O <strong>relógio biológico</strong> responde melhor se habituado a horários regulares."	"O DNA mitocondrial funciona, assim, como um verdadeiro <strong>relógio biológico</strong>."	"A melatonina é a chave que controla o <strong>relógio biológico</strong> do ser humano."
147	"reta final"	"NC"	"tem"	"é"	"reta"	"final"	"final"	"uma"	"uma"	"Estávamos na <strong>reta final</strong> de provas."	"Foram nove partidas sem derrota na <strong>reta final</strong>."	"Isto tudo às vésperas da <strong>reta final</strong> da competição."
148	"roda gigante"	"NC"	"tem"	"é"	"roda"	"gigante"	"gigante"	"uma"	"uma"	"São <strong>rodas gigante</strong>, trens de ferro, carrosséis."	"A mais nova <strong>roda gigante</strong> de Londres provou ser um sucesso imediato."	"A London Eye entrou para o Guinness, como a maior <strong>roda gigante</strong> do mundo."
149	"roleta russa"	"NC"	"tem"	"é"	"roleta"	"russa"	"russo"	"uma"	"uma"	"De rejeição as eleições em São Paulo viraram uma espécie de <strong>roleta russa</strong>."	"É uma <strong>roleta russa</strong> com todas as balas no revólver, feita pelos partidos."	"São duas horas de risadas, choros, nervosismo e uma <strong>roleta russa</strong> de emoções e sentimentos."
150	"saia justa"	"NC"	"tem"	"é"	"saia"	"justa"	"justo"	"uma"	"uma"	"Que <strong>saia justa</strong>, muito constrangida tive que recusar."	"Agora, está em uma tremenda <strong>saia justa</strong> para julgar os demais casos."	"De essa vez, o presidente norte-americano foi alvo de diversas insatisfações e <strong>saias justas</strong>."
151	"sala cirúrgica"	"C"	"tem"	"é"	"sala"	"cirúrgica"	"cirúrgico"	"uma"	"uma"	"Em essas instituições, leitos e <strong>salas cirúrgicas</strong> estão subutilizados."	"Os primeiros estudantes da faculdade de medicina estagiaram em seus ambulatórios e <strong>salas cirúrgicas</strong>."	"Serão 100 novos leitos, 10 <strong>salas cirúrgicas</strong>, 10 CTIs e mais espaço para hemodiálise eletiva."
152	"salão paroquial"	"C"	"tem"	"é"	"salão"	"paroquial"	"paroquial"	"um"	"um"	"Os <strong>salões paroquiais</strong> são importantes centros de decisão informal."	"Lá íamos nós para os <strong>salões paroquiais</strong>, as igrejas, os clubes."	"Este prédio, que é o <strong>salão paroquial</strong> foi idealizado pelo padre Edir, já falecido."
153	"sangue azul"	"NC"	"tem"	"é"	"sangue"	"azul"	"azul"	"<!--x-->"	"<!--x-->"	"Pelo menos no marketing, Sir Richard Branson tem <strong>sangue azul</strong>: ele é o rei do marketing."	"Ainda mais curioso, Washington não fora o único presidente americano a ter <strong>sangue azul</strong>."	"É o espírito nobre das pessoas, o chamado \"<strong>sangue azul</strong>\", o poder de liderança."
154	"sangue frio"	"NC"	"tem"	"é"	"sangue"	"frio"	"frio"	"<!--x-->"	"<!--x-->"	"Assassinado em estilo de execução a <strong>sangue frio</strong>."	"O assassinato de 11 deputados colombianos a <strong>sangue frio</strong>!"	"Carminha não mataria a <strong>sangue frio</strong> o homem que amava."
155	"sangue quente"	"NC"	"tem"	"é"	"sangue"	"quente"	"quente"	"<!--x-->"	"<!--x-->"	"Sim, ele tem o <strong>sangue quente</strong> espanhol!"	"A hispânia é um local cheio de pessoas de <strong>sangue quente</strong> e turistas."	"Não, tem de reclamar agora, com o <strong>sangue quente</strong> mesmo, isso é um absurdo!"
156	"secretária eletrônica"	"PC"	"tem"	"é"	"secretária"	"eletrônica"	"eletrônico"	"uma"	"uma"	"Não há emails na caixa de entrada, não há recados na <strong>secretária eletrônica</strong> e mesmo assim, você entende a mensagem."	"Finja ser uma <strong>secretária eletrônica</strong>, do pior jeito que você conseguir para ele perceber que está falando com um louco."	"Ser breve, não abusar das ligações pessoais e responder às mensagens na <strong>secretária eletrônica</strong> no prazo máximo de 24 horas"
157	"segundas intenções"	"NC"	"têm"	"são"	"intenções"	"segundas"	"segundo"	"<!--x-->"	"<!--x-->"	"Não tem malícia e muito menos <strong>segundas intenções</strong>."	"Ele manda uma cartinha meio sacana, cheia de <strong>segundas intenções</strong>."	"Padre com má-fé e com <strong>segundas intenções</strong> é duro de engolir."
158	"segundo plano"	"NC"	"tem"	"é"	"plano"	"segundo"	"segundo"	"um"	"um"	"Para Júlio, tudo o mais estava em <strong>segundo plano</strong>."	"A obediência está sendo relegada a <strong>segundo plano</strong>."	"Os aspectos táticos e técnicos ficaram em <strong>segundo plano</strong>."
159	"sentença judicial"	"C"	"tem"	"é"	"sentença"	"judicial"	"judicial"	"uma"	"uma"	"Em 2004 saiu uma <strong>sentença judicial</strong> favorável aos moradores."	"A indenização deverá ser determinada por <strong>sentença judicial</strong>."	"O valor inclui vencimentos, encargos sociais e pagamentos de <strong>sentenças judiciais</strong>."
160	"sétima arte"	"PC"	"tem"	"é"	"arte"	"sétima"	"sétimo"	"a"	"uma"	"Devo sem dúvida a essa precocidade cinéfila minha paixão pela <strong>sétima arte</strong>."	"Como já disseram, o filme não é o supra sumo da <strong>sétima arte</strong>."	"Esta cena é reverenciada hoje como um dos grandes momentos da <strong>sétima arte</strong>."
161	"sexto sentido"	"NC"	"tem"	"é"	"sentido"	"sexto"	"sexto"	"um"	"um"	"Foi um dia pesaroso, um <strong>sexto sentido</strong> me alertava que uma coisa ruim puxa outra."	"O <strong>sexto sentido</strong> é a percepção do outro energicamente."	"E através da intuição, desenvolvendo o <strong>sexto sentido</strong> e a plenitude do amor e da compaixão."
162	"sinal verde"	"NC"	"tem"	"é"	"sinal"	"verde"	"verde"	"um"	"um"	"Agora, basta o <strong>sinal verde</strong> da prefeitura em questão."	"Rony deu <strong>sinal verde</strong> para o combate."	"Em seguida, a justiça francesa dá <strong>sinal verde</strong> para a extradição."
163	"sistema político"	"C"	"tem"	"é"	"sistema"	"político"	"político"	"um"	"um"	"E um <strong>sistema político</strong> corrupto e clientelista."	"É de todos os partidos do <strong>sistema político</strong> brasileiro."	"O franquismo foi um <strong>sistema político</strong> repressivo e autoritário."
164	"tapete vermelho"	"NC"	"tem"	"é"	"tapete"	"vermelho"	"vermelho"	"um"	"um"	"Claro que eles arrasaram no <strong>tapete vermelho</strong>."	"Além disso, Daniel Cardoso fará as entrevistas direto do <strong>tapete vermelho</strong>."	"O canal TNT também está transmitindo direto do <strong>tapete vermelho</strong>."
165	"tartaruga-marinha"	"C"	"tem"	"é"	"tartaruga"	"marinha"	"marinho"	"uma"	"uma"	"Conhecer as características principais da <strong>tartaruga marinha</strong> e da baleia jubarte."	"Continuação da aventura da <strong>tartaruga marinha</strong> Sammy, que é capturada por humanos e levada para um aquário submarino."	"Os ambientalistas optaram por realizar passeatas multicoloridas, vestidos de <strong>tartaruga marinha</strong>."
166	"tela plana"	"C"	"tem"	"é"	"tela"	"plana"	"plano"	"uma"	"uma"	"Há moradores de favela com três televisores de <strong>tela plana</strong>."	"Novos monitores de <strong>tela plana</strong> foram usados, usando menos espaço e deixando a ponte com um visual mais limpo."	"Hoje ela tem tv de <strong>tela plana</strong>, dvd e máquina de lavar roupas."
167	"tempo real"	"C"	"tem"	"é"	"tempo"	"real"	"real"	"um"	"um"	"Acompanhe as projeções em <strong>tempo real</strong>."	"É um monitoramento em <strong>tempo real</strong>."	"Colaboração em <strong>tempo real</strong> com outros utilizadores;"
168	"terceira idade"	"PC"	"tem"	"é"	"idade"	"terceira"	"terceiro"	"uma"	"uma"	"Criaram-se creches e centros de <strong>terceira idade</strong>."	"Empresa fabrica produtos ortopédicos para a <strong>terceira idade</strong>."	"Vi até uma senhora de <strong>terceira idade</strong> de triciclo."
169	"terceira pessoa"	"PC"	"tem"	"é"	"pessoa"	"terceira"	"terceiro"	"uma"	"uma"	"O Guimarães Rosa se tratava na <strong>terceira pessoa</strong>."	"E você pode alternar entre primeira e <strong>terceira pessoa</strong>."	"Um exemplo de história em <strong>terceira pessoa</strong> é o Grande Gatsby de F. Scott Fitzgerald."
170	"tiro livre"	"C"	"tem"	"é"	"tiro"	"livre"	"livre"	"um"	"um"	"A infração resulta em <strong>tiro livre</strong> indireto para o adversário."	"Todos os <strong>tiros livres</strong> são diretos e sem barreira da equipe adversária."	"Renan cobrou o <strong>tiro livre</strong> na trave e desperdiçou ótima oportunidade de marcar."
171	"trabalho braçal"	"C"	"tem"	"é"	"trabalho"	"braçal"	"braçal"	"um"	"um"	"Entre uma idéia e sua realização existe o <strong>trabalho braçal</strong>."	"Avessos a <strong>trabalhos braçais</strong>, os americanos deixam o serviço perigoso para imigrantes."	"Os que fazem <strong>trabalho braçal</strong> ao ar livre, talvez não necessitem de mais exercícios."
172	"trabalho escravo"	"C"	"tem"	"é"	"trabalho"	"escravo"	"escravo"	"um"	"um"	"As fundações foram, igualmente, construídas por <strong>trabalho escravo</strong>."	"A expropriação de propriedades onde for encontrado <strong>trabalho escravo</strong>."	"Utilizam-se muito deles para promover <strong>trabalho escravo</strong>."
173	"vaca louca"	"NC"	"tem"	"é"	"vaca"	"louca"	"louco"	"uma"	"uma"	"Depois surgiram a doença da <strong>vaca louca</strong> e a gripe do frango."	"E pela ingestão de carne contaminada pela doença da <strong>vaca louca</strong>."	"A doença da <strong>vaca louca</strong> apareceu quando o gado foi obrigado a se canibalizar."
174	"vinho branco"	"C"	"tem"	"é"	"vinho"	"branco"	"branco"	"um"	"um"	"Pra beber, <strong>vinho branco</strong>."	"Prosecco nada mais é que tipo de <strong>vinho branco</strong> espumante."	"Ponha meio copo de <strong>vinho branco</strong> seco e deixe evaporar."
175	"vinho tinto"	"C"	"tem"	"é"	"vinho"	"tinto"	"tinto"	"um"	"um"	"Combina perfeitamente com <strong>vinho tinto</strong> Pinot Noir."	"Frutas vermelhas marinadas no <strong>vinho tinto</strong>."	"Se você comprou um queijo menos maduro, escolha um <strong>vinho tinto</strong> encorpado."
176	"vista grossa"	"NC"	"tem"	"é"	"vista"	"grossa"	"grosso"	"uma"	"uma"	"O governo fez <strong>vista grossa</strong> e deixou a coisa rolar."	"Aqueles que criticam Malafaia fazem <strong>vista grossa</strong> a outros graves pecados."	"Não faça <strong>vista grossa</strong> para crimes, por menores que sejam."
177	"viva voz"	"NC"	"tem"	"é"	"voz"	"viva"	"vivo"	"um"	"uma"	"Esses convidados nem sempre podem participar de <strong>viva voz</strong>;"	"Hoje é a última vez que eu vou falar com você em <strong>viva voz</strong>."	"Desafio qualquer pessoa a dizer que eu recomendei voto no Serra, que recomendei por escrito ou de <strong>viva voz</strong> o voto no Serra."
178	"vôo doméstico"	"C"	"tem"	"é"	"vôo"	"doméstico"	"doméstico"	"um"	"um"	"O aeroporto internacional oferece <strong>vôos domésticos</strong>, europeus e transatlânticos."	"O site tem uma lista de todos os <strong>vôos domésticos</strong> e internacionais, duração e preços."	"Os <strong>vôos domésticos</strong> são normalmente de Sydney, Melbourne, Brisbane, Adelaide e Perth."
179	"vôo internacional"	"C"	"tem"	"é"	"vôo"	"internacional"	"internacional"	"um"	"um"	"A agência nacional de vigilância sanitária tem como localizar quem viajou com os doentes, pois vinha recolhendo as guias de declaração de bagagens em <strong>vôos internacionais</strong>."	"A Pan-Am, outra gigante, só operava <strong>vôos internacionais</strong>."	"Esse destino se acrescenta a malha de <strong>voos internacionais</strong> da TAM."
180	"voto secreto"	"C"	"tem"	"é"	"voto"	"secreto"	"secreto"	"um"	"um"	"As eleições são realizadas por <strong>voto secreto</strong>."	"A aliança pregava a justiça trabalhista, o <strong>voto secreto</strong> e o voto feminino."	"O <strong>voto secreto</strong> era de absoluta necessidade, assim como o voto feminino."
